epoch_ts,ip,role,cm_count,delta_c,lemon_est,entropy,delta_lemon,prev_delta,ema_delta,burst_ratio,log_delta,dp_pred,cp_pred,traffic_label,victim_label,traffic_dp_result,traffic_cp_result,victim_dp_result,victim_cp_result
1766581933,199.244.48.55,attacker,1043,1043,0.0,0.0,0.0,0,208.60000000000002,4.999999999976031,6.950814768442584,1,1,1,0,TP,TP,FP,FP
1766581935,199.244.48.55,attacker,1017,1017,0.0,0.0,0.0,1043,370.28000000000003,2.7465701631123833,6.925595197110468,1,1,1,0,TP,TP,FP,FP
1766581936,192.168.10.50,victim,1139,1139,0.0,0.0,0.0,0,227.8,4.999999999978051,7.038783541388542,1,1,1,1,TP,TP,TP,TP
1766581937,192.168.10.50,victim,939,939,0.0,0.0,0.0,1139,370.04,2.537563506641072,6.84587987526405,1,1,1,1,TP,TP,TP,TP
1766581938,192.168.10.50,victim,1019,1019,0.0,0.0,0.0,939,499.83200000000005,2.038684998155303,6.927557906278317,1,1,1,1,TP,TP,TP,TP
1766581939,192.168.10.50,victim,1020,1020,0.0,0.0,0.0,1019,603.8656000000001,1.6891175784782422,6.928537818164665,1,1,1,1,TP,TP,TP,TP
1766581940,192.168.10.50,victim,1017,1017,0.0,0.0,0.0,1020,686.4924800000001,1.4814437588573708,6.925595197110468,1,1,1,1,TP,TP,TP,TP
1766581941,192.168.10.50,victim,1017,1017,0.0,0.0,0.0,1017,752.5939840000001,1.351326241798192,6.925595197110468,1,1,1,1,TP,TP,TP,TP
1766581942,192.168.10.50,victim,1016,1016,0.0,0.0,0.0,1017,805.2751872000001,1.2616804989750692,6.92461239604856,1,1,1,1,TP,TP,TP,TP
1766581943,192.168.10.50,victim,1016,1016,0.0,0.0,0.0,1016,847.4201497600002,1.1989330207530997,6.92461239604856,1,1,1,1,TP,TP,TP,TP
1766581944,192.168.10.50,victim,1015,1015,0.0,0.0,0.0,1016,880.9361198080002,1.1521834298496771,6.923628628138427,1,1,1,1,TP,TP,TP,TP
1766581945,192.168.10.50,victim,1033,1033,0.0,0.0,0.0,1015,911.3488958464002,1.1334846672958163,6.9411900550683745,1,1,1,1,TP,TP,TP,TP
1766581946,192.168.10.50,victim,1104,1104,0.0,0.0,0.0,1033,949.8791166771202,1.162253154760224,7.007600613951853,1,1,1,1,TP,TP,TP,TP
1766581947,192.168.10.50,victim,939,939,0.0,0.0,0.0,1104,947.7032933416963,0.9908164365325793,6.84587987526405,1,1,1,1,TP,TP,TP,TP
1766581948,192.168.10.50,victim,1019,1019,0.0,0.0,0.0,939,961.9626346733571,1.0592927035517872,6.927557906278317,1,1,1,1,TP,TP,TP,TP
1766581949,192.168.10.50,victim,1014,1014,0.0,0.0,0.0,1019,972.3701077386856,1.042812805462608,6.922643891475888,1,1,1,1,TP,TP,TP,TP
1766581950,192.168.10.50,victim,1050,1050,0.0,0.0,0.0,1014,987.8960861909486,1.0628648242219927,6.957497370876951,1,1,1,1,TP,TP,TP,TP
1766581951,192.168.10.50,victim,1012,1012,0.0,0.0,0.0,1050,992.7168689527589,1.019424602975231,6.920671504248683,1,1,1,1,TP,TP,TP,TP
1766581952,192.168.10.50,victim,1017,1017,0.0,0.0,0.0,1012,997.5734951622071,1.0194737580047821,6.925595197110468,1,1,1,1,TP,TP,TP,TP
1766581953,192.168.10.50,victim,1017,1017,0.0,0.0,0.0,1017,1001.4587961297657,1.0155185654460066,6.925595197110468,1,1,1,1,TP,TP,TP,TP
1766581954,192.168.10.50,victim,1018,1018,0.0,0.0,0.0,1017,1004.7670369038126,1.0131701803593713,6.926577033222725,1,1,1,1,TP,TP,TP,TP
1766581955,192.168.10.50,victim,1018,1018,0.0,0.0,0.0,1018,1007.4136295230502,1.0105084646124465,6.926577033222725,1,1,1,1,TP,TP,TP,TP
1766581956,192.168.10.50,victim,1100,1100,0.0,0.0,0.0,1018,1025.9309036184402,1.0721969638688602,7.00397413672268,1,1,1,1,TP,TP,TP,TP
1766581957,192.168.10.50,victim,949,949,0.0,0.0,0.0,1100,1010.5447228947521,0.939097477329461,6.856461984594587,1,1,1,1,TP,TP,TP,TP
1766581958,192.168.10.50,victim,1017,1017,0.0,0.0,0.0,949,1011.8357783158017,1.0051038140712805,6.925595197110468,1,1,1,1,TP,TP,TP,TP
1766581959,192.168.10.50,victim,1026,1026,0.0,0.0,0.0,1017,1014.6686226526415,1.0111675645559275,6.934397209928558,1,1,1,1,TP,TP,TP,TP
1766581960,192.168.10.50,victim,1019,1019,0.0,0.0,0.0,1026,1015.5348981221132,1.0034120953236476,6.927557906278317,1,1,1,1,TP,TP,TP,TP
1766581961,192.168.10.50,victim,1018,1018,0.0,0.0,0.0,1019,1016.0279184976906,1.0019409717640666,6.926577033222725,1,1,1,1,TP,TP,TP,TP
1766581962,192.168.10.50,victim,1010,1010,0.0,0.0,0.0,1018,1014.8223347981525,0.9952480994615606,6.918695219020472,1,1,1,1,TP,TP,TP,TP
1766581963,192.168.10.50,victim,1017,1017,0.0,0.0,0.0,1010,1015.257867838522,1.0017159504158144,6.925595197110468,1,1,1,1,TP,TP,TP,TP
1766581964,192.168.10.50,victim,1012,1012,0.0,0.0,0.0,1017,1014.6062942708176,0.9974312259971854,6.920671504248683,1,1,1,1,TP,TP,TP,TP
1766581965,192.168.10.50,victim,1012,1012,0.0,0.0,0.0,1012,1014.085035416654,0.9979439244788822,6.920671504248683,1,1,1,1,TP,TP,TP,TP
1766581966,192.168.10.50,victim,1122,1122,0.0,0.0,0.0,1012,1035.6680283333233,1.0833587301179177,7.023758954738443,1,1,1,1,TP,TP,TP,TP
1766581967,192.168.10.50,victim,948,948,0.0,0.0,0.0,1122,1018.1344226666587,0.9311147711871912,6.855408798609928,1,1,1,1,TP,TP,TP,TP
1766581968,192.168.10.50,victim,1033,1033,0.0,0.0,0.0,948,1021.107538133327,1.0116466301751152,6.9411900550683745,1,1,1,1,TP,TP,TP,TP
1766581969,192.168.10.50,victim,1018,1018,0.0,0.0,0.0,1033,1020.4860305066617,0.9975638760028641,6.926577033222725,1,1,1,1,TP,TP,TP,TP
1766581970,192.168.10.50,victim,1019,1019,0.0,0.0,0.0,1018,1020.1888244053293,0.99883470159848,6.927557906278317,1,1,1,1,TP,TP,TP,TP
1766581971,192.168.10.50,victim,1019,1019,0.0,0.0,0.0,1019,1019.9510595242634,0.9990675439606818,6.927557906278317,1,1,1,1,TP,TP,TP,TP
1766581972,192.168.10.50,victim,1018,1018,0.0,0.0,0.0,1019,1019.5608476194108,0.9984690981180244,6.926577033222725,1,1,1,1,TP,TP,TP,TP
1766581973,192.168.10.50,victim,1028,1028,0.0,0.0,0.0,1018,1021.2486780955287,1.006610850078215,6.9363427358340495,1,1,1,1,TP,TP,TP,TP
1766581974,192.168.10.50,victim,1018,1018,0.0,0.0,0.0,1028,1020.5989424764231,0.9974535124726719,6.926577033222725,1,1,1,1,TP,TP,TP,TP
1766581975,192.168.10.50,victim,1018,1018,0.0,0.0,0.0,1018,1020.0791539811386,0.9979617719134618,6.926577033222725,1,1,1,1,TP,TP,TP,TP
1766581976,192.168.10.50,victim,1096,1096,0.0,0.0,0.0,1018,1035.2633231849109,1.0586678533410985,7.00033446027523,1,1,1,1,TP,TP,TP,TP
1766581977,192.168.10.50,victim,981,981,0.0,0.0,0.0,1096,1024.4106585479287,0.9576237730575552,6.889591308354466,1,1,1,1,TP,TP,TP,TP
1766581978,192.168.10.50,victim,1043,1043,0.0,0.0,0.0,981,1028.128526838343,1.0144646051271182,6.950814768442584,1,1,1,1,TP,TP,TP,TP
1766581979,192.168.10.50,victim,1043,1043,0.0,0.0,0.0,1043,1031.1028214706744,1.0115383046972415,6.950814768442584,1,1,1,1,TP,TP,TP,TP
1766581980,192.168.10.50,victim,1017,1017,0.0,0.0,0.0,1043,1028.2822571765396,0.9890280542148928,6.925595197110468,1,1,1,1,TP,TP,TP,TP
1766581981,192.168.10.50,victim,1025,1025,0.0,0.0,0.0,1017,1027.6258057412317,0.9974447841543497,6.933423025730715,1,1,1,1,TP,TP,TP,TP
1766581982,192.168.10.50,victim,1017,1017,0.0,0.0,0.0,1025,1025.5006445929855,0.9917107369568245,6.925595197110468,1,1,1,1,TP,TP,TP,TP
1766581983,192.168.10.50,victim,1017,1017,0.0,0.0,0.0,1017,1023.8005156743884,0.9933575774076435,6.925595197110468,1,1,1,1,TP,TP,TP,TP
1766581984,192.168.10.50,victim,1019,1019,0.0,0.0,0.0,1017,1022.8404125395107,0.996245345321298,6.927557906278317,1,1,1,1,TP,TP,TP,TP
1766581985,192.168.10.50,victim,1017,1017,0.0,0.0,0.0,1019,1021.6723300316086,0.9954267822517426,6.925595197110468,1,1,1,1,TP,TP,TP,TP
1766581986,192.168.10.50,victim,1107,1107,0.0,0.0,0.0,1017,1038.7378640252869,1.0657164221482405,7.010311867307229,1,1,1,1,TP,TP,TP,TP
1766581987,192.168.10.50,victim,945,945,0.0,0.0,0.0,1107,1019.9902912202296,0.9264794068466632,6.852242569051878,1,1,1,1,TP,TP,TP,TP
1766581988,192.168.10.50,victim,1018,1018,0.0,0.0,0.0,945,1019.5922329761837,0.9984383629791544,6.926577033222725,1,1,1,1,TP,TP,TP,TP
1766581989,192.168.10.50,victim,1041,1041,0.0,0.0,0.0,1018,1023.8737863809471,1.0167268796660687,6.948897222313312,1,1,1,1,TP,TP,TP,TP
1766581990,192.168.10.50,victim,1015,1015,0.0,0.0,0.0,1041,1022.0990291047577,0.9930544605722121,6.923628628138427,1,1,1,1,TP,TP,TP,TP
1766581991,192.168.10.50,victim,1018,1018,0.0,0.0,0.0,1015,1021.2792232838062,0.9967891021279577,6.926577033222725,1,1,1,1,TP,TP,TP,TP
1766581992,192.168.10.50,victim,1027,1027,0.0,0.0,0.0,1018,1022.423378627045,1.0044762487513696,6.93537044601511,1,1,1,1,TP,TP,TP,TP
1766581993,192.168.10.50,victim,1019,1019,0.0,0.0,0.0,1027,1021.7387029016361,0.9973195662502988,6.927557906278317,1,1,1,1,TP,TP,TP,TP
1766581994,192.168.10.50,victim,1018,1018,0.0,0.0,0.0,1019,1020.990962321309,0.9970705300706033,6.926577033222725,1,1,1,1,TP,TP,TP,TP
1766581995,192.168.10.50,victim,1018,1018,0.0,0.0,0.0,1018,1020.3927698570473,0.9976550501642812,6.926577033222725,1,1,1,1,TP,TP,TP,TP
1766581996,192.168.10.50,victim,1108,1108,0.0,0.0,0.0,1018,1037.914215885638,1.0675256037932686,7.011213987350367,1,1,1,1,TP,TP,TP,TP
1766581997,192.168.10.50,victim,928,928,0.0,0.0,0.0,1108,1015.9313727085105,0.9134475269968328,6.834108738813838,1,1,1,1,TP,TP,TP,TP
1766581998,192.168.10.50,victim,1017,1017,0.0,0.0,0.0,928,1016.1450981668085,1.0008413186598382,6.925595197110468,1,1,1,1,TP,TP,TP,TP
1766581999,192.168.10.50,victim,1018,1018,0.0,0.0,0.0,1017,1016.5160785334468,1.001459811110605,6.926577033222725,1,1,1,1,TP,TP,TP,TP
1766582000,192.168.10.50,victim,1017,1017,0.0,0.0,0.0,1018,1016.6128628267575,1.0003808108144192,6.925595197110468,1,1,1,1,TP,TP,TP,TP
1766582001,192.168.10.50,victim,1017,1017,0.0,0.0,0.0,1017,1016.690290261406,1.0003046254504055,6.925595197110468,1,1,1,1,TP,TP,TP,TP
1766582002,192.168.10.50,victim,1016,1016,0.0,0.0,0.0,1017,1016.5522322091249,0.9994567596306151,6.92461239604856,1,1,1,1,TP,TP,TP,TP
1766582003,192.168.10.50,victim,1016,1016,0.0,0.0,0.0,1016,1016.4417857673,0.9995653604815489,6.92461239604856,1,1,1,1,TP,TP,TP,TP
1766582004,192.168.10.50,victim,1017,1017,0.0,0.0,0.0,1016,1016.55342861384,1.0004392994726983,6.925595197110468,1,1,1,1,TP,TP,TP,TP
1766582005,192.168.10.50,victim,1017,1017,0.0,0.0,0.0,1017,1016.642742891072,1.0003514087032301,6.925595197110468,1,1,1,1,TP,TP,TP,TP
1766582006,192.168.10.50,victim,1104,1104,0.0,0.0,0.0,1017,1034.1141943128575,1.0675803562802,7.007600613951853,1,1,1,1,TP,TP,TP,TP
1766582007,192.168.10.50,victim,944,944,0.0,0.0,0.0,1104,1016.0913554502861,0.9290503210518237,6.851184927493743,1,1,1,1,TP,TP,TP,TP
1766582008,192.168.10.50,victim,1025,1025,0.0,0.0,0.0,944,1017.8730843602289,1.007001772370515,6.933423025730715,1,1,1,1,TP,TP,TP,TP
1766582009,192.168.10.50,victim,1017,1017,0.0,0.0,0.0,1025,1017.6984674881832,0.9993136793347971,6.925595197110468,1,1,1,1,TP,TP,TP,TP
1766582010,192.168.10.50,victim,1017,1017,0.0,0.0,0.0,1017,1017.5587739905466,0.9994508680915258,6.925595197110468,1,1,1,1,TP,TP,TP,TP
1766582011,192.168.10.50,victim,1017,1017,0.0,0.0,0.0,1017,1017.4470191924373,0.9995606462203883,6.925595197110468,1,1,1,1,TP,TP,TP,TP
1766582012,192.168.10.50,victim,1017,1017,0.0,0.0,0.0,1017,1017.3576153539499,0.999648486088321,6.925595197110468,1,1,1,1,TP,TP,TP,TP
1766582013,192.168.10.50,victim,1017,1017,0.0,0.0,0.0,1017,1017.28609228316,0.9997187690991454,6.925595197110468,1,1,1,1,TP,TP,TP,TP
1766582014,192.168.10.50,victim,1017,1017,0.0,0.0,0.0,1017,1017.228873826528,0.9997750026238768,6.925595197110468,1,1,1,1,TP,TP,TP,TP
1766582015,192.168.10.50,victim,1018,1018,0.0,0.0,0.0,1017,1017.3830990612224,1.000606360512914,6.926577033222725,1,1,1,1,TP,TP,TP,TP
1766582016,192.168.10.50,victim,1102,1102,0.0,0.0,0.0,1018,1034.3064792489781,1.0654482226574753,7.005789019253503,1,1,1,1,TP,TP,TP,TP
1766582017,192.168.10.50,victim,947,947,0.0,0.0,0.0,1102,1016.8451833991825,0.9313118805690456,6.854354502255021,1,1,1,1,TP,TP,TP,TP
1766582018,192.168.10.50,victim,1020,1020,0.0,0.0,0.0,947,1017.476146719346,1.0024805036342024,6.928537818164665,1,1,1,1,TP,TP,TP,TP
1766582019,192.168.10.50,victim,1015,1015,0.0,0.0,0.0,1020,1016.9809173754769,0.9980521587547708,6.923628628138427,1,1,1,1,TP,TP,TP,TP
1766582020,192.168.10.50,victim,1016,1016,0.0,0.0,0.0,1015,1016.7847339003816,0.999228220216908,6.92461239604856,1,1,1,1,TP,TP,TP,TP
1766582021,192.168.10.50,victim,1018,1018,0.0,0.0,0.0,1016,1017.0277871203053,1.0009559354139639,6.926577033222725,1,1,1,1,TP,TP,TP,TP
1766582022,192.168.10.50,victim,1034,1034,0.0,0.0,0.0,1018,1020.4222296962444,1.0133060314716822,6.942156705699469,1,1,1,1,TP,TP,TP,TP
1766582023,192.168.10.50,victim,1017,1017,0.0,0.0,0.0,1034,1019.7377837569956,0.9973152080842723,6.925595197110468,1,1,1,1,TP,TP,TP,TP
1766582024,192.168.10.50,victim,1017,1017,0.0,0.0,0.0,1017,1019.1902270055965,0.9978510125503958,6.925595197110468,1,1,1,1,TP,TP,TP,TP
1766582025,192.168.10.50,victim,1019,1019,0.0,0.0,0.0,1017,1019.1521816044772,0.9998506782321386,6.927557906278317,1,1,1,1,TP,TP,TP,TP
1766582026,192.168.10.50,victim,1102,1102,0.0,0.0,0.0,1019,1035.7217452835819,1.06399233676146,7.005789019253503,1,1,1,1,TP,TP,TP,TP
1766582027,192.168.10.50,victim,949,949,0.0,0.0,0.0,1102,1018.3773962268656,0.9318745717600923,6.856461984594587,1,1,1,1,TP,TP,TP,TP
1766582028,192.168.10.50,victim,1017,1017,0.0,0.0,0.0,949,1018.1019169814925,0.9989176751716975,6.925595197110468,1,1,1,1,TP,TP,TP,TP
1766582029,192.168.10.50,victim,1017,1017,0.0,0.0,0.0,1017,1017.881533585194,0.9991339526682558,6.925595197110468,1,1,1,1,TP,TP,TP,TP
1766582030,192.168.10.50,victim,1017,1017,0.0,0.0,0.0,1017,1017.7052268681553,0.9993070421075415,6.925595197110468,1,1,1,1,TP,TP,TP,TP
1766582031,192.168.10.50,victim,1018,1018,0.0,0.0,0.0,1017,1017.7641814945242,1.0002317024992267,6.926577033222725,1,1,1,1,TP,TP,TP,TP
1766582032,192.168.10.50,victim,1019,1019,0.0,0.0,0.0,1018,1018.0113451956195,1.0009711628539755,6.927557906278317,1,1,1,1,TP,TP,TP,TP
1766582033,192.168.10.50,victim,1018,1018,0.0,0.0,0.0,1019,1018.0090761564957,0.999991084404149,6.926577033222725,1,1,1,1,TP,TP,TP,TP
1766582034,192.168.10.50,victim,1017,1017,0.0,0.0,0.0,1018,1017.8072609251966,0.9992068626770633,6.925595197110468,1,1,1,1,TP,TP,TP,TP
1766582035,192.168.10.50,victim,1018,1018,0.0,0.0,0.0,1017,1017.8458087401574,1.0001514878358966,6.926577033222725,1,1,1,1,TP,TP,TP,TP
1766582036,192.168.10.50,victim,1104,1104,0.0,0.0,0.0,1018,1035.076646992126,1.0665876804457861,7.007600613951853,1,1,1,1,TP,TP,TP,TP
1766582037,192.168.10.50,victim,939,939,0.0,0.0,0.0,1104,1015.8613175937007,0.9243387692163645,6.84587987526405,1,1,1,1,TP,TP,TP,TP
1766582038,192.168.10.50,victim,1018,1018,0.0,0.0,0.0,939,1016.2890540749606,1.0016835229280265,6.926577033222725,1,1,1,1,TP,TP,TP,TP
1766582039,192.168.10.50,victim,1018,1018,0.0,0.0,0.0,1018,1016.6312432599685,1.00134636501495,6.926577033222725,1,1,1,1,TP,TP,TP,TP
1766582040,192.168.10.50,victim,1018,1018,0.0,0.0,0.0,1018,1016.9049946079749,1.001076802058039,6.926577033222725,1,1,1,1,TP,TP,TP,TP
1766582041,192.168.10.50,victim,1018,1018,0.0,0.0,0.0,1018,1017.12399568638,1.000861256165752,6.926577033222725,1,1,1,1,TP,TP,TP,TP
1766582042,192.168.10.50,victim,1018,1018,0.0,0.0,0.0,1018,1017.2991965491041,1.0006888862708951,6.926577033222725,1,1,1,1,TP,TP,TP,TP
1766582043,192.168.10.50,victim,1018,1018,0.0,0.0,0.0,1018,1017.4393572392834,1.0005510330966922,6.926577033222725,1,1,1,1,TP,TP,TP,TP
1766582044,192.168.10.50,victim,1048,1048,0.0,0.0,0.0,1018,1023.5514857914268,1.0238859642596732,6.955592608396297,1,1,1,1,TP,TP,TP,TP
1766582045,192.168.10.50,victim,1020,1020,0.0,0.0,0.0,1048,1022.8411886331414,0.997222258288273,6.928537818164665,1,1,1,1,TP,TP,TP,TP
1766582046,192.168.10.50,victim,1103,1103,0.0,0.0,0.0,1020,1038.8729509065133,1.0617275183038197,7.00669522683704,1,1,1,1,TP,TP,TP,TP
1766582047,192.168.10.50,victim,943,943,0.0,0.0,0.0,1103,1019.6983607252107,0.9247832852535063,6.8501261661455,1,1,1,1,TP,TP,TP,TP
1766582048,192.168.10.50,victim,1017,1017,0.0,0.0,0.0,943,1019.1586885801686,0.9978818915980848,6.925595197110468,1,1,1,1,TP,TP,TP,TP
1766582049,192.168.10.50,victim,1016,1016,0.0,0.0,0.0,1017,1018.526950864135,0.9975190142362079,6.92461239604856,1,1,1,1,TP,TP,TP,TP
1766582050,192.168.10.50,victim,1020,1020,0.0,0.0,0.0,1016,1018.821560691308,1.001156668992057,6.928537818164665,1,1,1,1,TP,TP,TP,TP
1766582051,192.168.10.50,victim,1018,1018,0.0,0.0,0.0,1020,1018.6572485530465,0.99935478930231,6.926577033222725,1,1,1,1,TP,TP,TP,TP
1766582052,192.168.10.50,victim,1018,1018,0.0,0.0,0.0,1018,1018.5257988424373,0.9994837648255602,6.926577033222725,1,1,1,1,TP,TP,TP,TP
1766582053,192.168.10.50,victim,1019,1019,0.0,0.0,0.0,1018,1018.6206390739499,1.0003724261128213,6.927557906278317,1,1,1,1,TP,TP,TP,TP
1766582054,192.168.10.50,victim,1051,1051,0.0,0.0,0.0,1019,1025.09651125916,1.0252693170402039,6.9584483932976555,1,1,1,1,TP,TP,TP,TP
1766582055,192.168.10.50,victim,1019,1019,0.0,0.0,0.0,1051,1023.877209007328,0.9952365293753811,6.927557906278317,1,1,1,1,TP,TP,TP,TP
1766582056,192.168.10.50,victim,1105,1105,0.0,0.0,0.0,1019,1040.1017672058624,1.0623960412714406,7.00850518208228,1,1,1,1,TP,TP,TP,TP
1766582057,192.168.10.50,victim,941,941,0.0,0.0,0.0,1105,1020.28141376469,0.9222945623667931,6.848005274576363,1,1,1,1,TP,TP,TP,TP
1766582058,192.168.10.50,victim,1030,1030,0.0,0.0,0.0,941,1022.2251310117521,1.0076058284534104,6.93828448401696,1,1,1,1,TP,TP,TP,TP
1766582059,192.168.10.50,victim,1019,1019,0.0,0.0,0.0,1030,1021.5801048094017,0.9974743979466196,6.927557906278317,1,1,1,1,TP,TP,TP,TP
1766582060,192.168.10.50,victim,1018,1018,0.0,0.0,0.0,1019,1020.8640838475214,0.9971944513536766,6.926577033222725,1,1,1,1,TP,TP,TP,TP
1766582061,192.168.10.50,victim,1018,1018,0.0,0.0,0.0,1018,1020.2912670780172,0.9977543009991874,6.926577033222725,1,1,1,1,TP,TP,TP,TP
1766582062,192.168.10.50,victim,1018,1018,0.0,0.0,0.0,1018,1019.8330136624138,0.9982026335303372,6.926577033222725,1,1,1,1,TP,TP,TP,TP
1766582063,192.168.10.50,victim,1052,1052,0.0,0.0,0.0,1018,1026.2664109299312,1.0250749598690712,6.959398512133975,1,1,1,1,TP,TP,TP,TP
1766582064,192.168.10.50,victim,1016,1016,0.0,0.0,0.0,1052,1024.213128743945,0.9919810354754882,6.92461239604856,1,1,1,1,TP,TP,TP,TP
1766582065,192.168.10.50,victim,1031,1031,0.0,0.0,0.0,1016,1025.570502995156,1.0052941236004567,6.939253946041508,1,1,1,1,TP,TP,TP,TP
1766582066,192.168.10.50,victim,1103,1103,0.0,0.0,0.0,1031,1041.0564023961247,1.0595007124112052,7.00669522683704,1,1,1,1,TP,TP,TP,TP
1766582067,192.168.10.50,victim,949,949,0.0,0.0,0.0,1103,1022.6451219168998,0.9279856517774382,6.856461984594587,1,1,1,1,TP,TP,TP,TP
1766582068,192.168.10.50,victim,1063,1063,0.0,0.0,0.0,949,1030.71609753352,1.031321818435458,6.96979066990159,1,1,1,1,TP,TP,TP,TP
1766582069,192.168.10.50,victim,1025,1025,0.0,0.0,0.0,1063,1029.572878026816,0.9955584707742346,6.933423025730715,1,1,1,1,TP,TP,TP,TP
1766582070,192.168.10.50,victim,1018,1018,0.0,0.0,0.0,1025,1027.2583024214528,0.9909873666626786,6.926577033222725,1,1,1,1,TP,TP,TP,TP
1766582071,192.168.10.50,victim,1017,1017,0.0,0.0,0.0,1018,1025.2066419371622,0.9919951338564804,6.925595197110468,1,1,1,1,TP,TP,TP,TP
1766582072,192.168.10.50,victim,1019,1019,0.0,0.0,0.0,1017,1023.9653135497299,0.9951508967295855,6.927557906278317,1,1,1,1,TP,TP,TP,TP
1766582073,192.168.10.50,victim,1017,1017,0.0,0.0,0.0,1019,1022.5722508397839,0.9945507509751,6.925595197110468,1,1,1,1,TP,TP,TP,TP
1766582074,192.168.10.50,victim,1018,1018,0.0,0.0,0.0,1017,1021.6578006718272,0.9964197398870558,6.926577033222725,1,1,1,1,TP,TP,TP,TP
1766582075,192.168.10.50,victim,1018,1018,0.0,0.0,0.0,1018,1020.9262405374618,0.9971337395178339,6.926577033222725,1,1,1,1,TP,TP,TP,TP
1766582076,192.168.10.50,victim,1114,1114,0.0,0.0,0.0,1018,1039.5409924299695,1.0716268123250319,7.016609683894219,1,1,1,1,TP,TP,TP,TP
1766582077,192.168.10.50,victim,947,947,0.0,0.0,0.0,1114,1021.0327939439757,0.9274922466898107,6.854354502255021,1,1,1,1,TP,TP,TP,TP
1766582078,192.168.10.50,victim,1018,1018,0.0,0.0,0.0,947,1020.4262351551806,0.9976223316565266,6.926577033222725,1,1,1,1,TP,TP,TP,TP
1766582079,192.168.10.50,victim,1033,1033,0.0,0.0,0.0,1018,1022.9409881241446,1.0098334234248367,6.9411900550683745,1,1,1,1,TP,TP,TP,TP
1766582080,192.168.10.50,victim,1019,1019,0.0,0.0,0.0,1033,1022.1527904993156,0.9969155389198004,6.927557906278317,1,1,1,1,TP,TP,TP,TP
1766582081,192.168.10.50,victim,1019,1019,0.0,0.0,0.0,1019,1021.5222323994526,0.9975309079719923,6.927557906278317,1,1,1,1,TP,TP,TP,TP
1766582082,192.168.10.50,victim,1019,1019,0.0,0.0,0.0,1019,1021.0177859195621,0.9980237504690059,6.927557906278317,1,1,1,1,TP,TP,TP,TP
1766582083,192.168.10.50,victim,1019,1019,0.0,0.0,0.0,1019,1020.6142287356497,0.9984183752379704,6.927557906278317,1,1,1,1,TP,TP,TP,TP
1766582084,192.168.10.50,victim,1019,1019,0.0,0.0,0.0,1019,1020.2913829885199,0.9987342998176305,6.927557906278317,1,1,1,1,TP,TP,TP,TP
1766582085,192.168.10.50,victim,1018,1018,0.0,0.0,0.0,1019,1019.8331063908159,0.9982025427686875,6.926577033222725,1,1,1,1,TP,TP,TP,TP
1766582086,192.168.10.50,victim,1105,1105,0.0,0.0,0.0,1018,1036.8664851126528,1.065710981948538,7.00850518208228,1,1,1,1,TP,TP,TP,TP
1766582087,192.168.10.50,victim,946,946,0.0,0.0,0.0,1105,1018.6931880901222,0.9286407439051022,6.853299093186078,1,1,1,1,TP,TP,TP,TP
1766582088,192.168.10.50,victim,1017,1017,0.0,0.0,0.0,946,1018.3545504720978,0.9986698635829059,6.925595197110468,1,1,1,1,TP,TP,TP,TP
1766582089,192.168.10.50,victim,1015,1015,0.0,0.0,0.0,1017,1017.6836403776783,0.9973629915307671,6.923628628138427,1,1,1,1,TP,TP,TP,TP
1766582090,192.168.10.50,victim,1019,1019,0.0,0.0,0.0,1015,1017.9469123021427,1.0010345212349774,6.927557906278317,1,1,1,1,TP,TP,TP,TP
1766582091,192.168.10.50,victim,1018,1018,0.0,0.0,0.0,1019,1017.9575298417142,1.0000417209520445,6.926577033222725,1,1,1,1,TP,TP,TP,TP
1766582092,192.168.10.50,victim,1018,1018,0.0,0.0,0.0,1018,1017.9660238733715,1.0000333764829392,6.926577033222725,1,1,1,1,TP,TP,TP,TP
1766582093,192.168.10.50,victim,1019,1019,0.0,0.0,0.0,1018,1018.1728190986971,1.000812416993251,6.927557906278317,1,1,1,1,TP,TP,TP,TP
1766582094,192.168.10.50,victim,1018,1018,0.0,0.0,0.0,1019,1018.1382552789578,0.999864207754457,6.926577033222725,1,1,1,1,TP,TP,TP,TP
1766582095,192.168.10.50,victim,1018,1018,0.0,0.0,0.0,1018,1018.1106042231663,0.9998913632529635,6.926577033222725,1,1,1,1,TP,TP,TP,TP
1766582096,192.168.10.50,victim,1104,1104,0.0,0.0,0.0,1018,1035.288483378533,1.0663694397489762,7.007600613951853,1,1,1,1,TP,TP,TP,TP
1766582097,192.168.10.50,victim,934,934,0.0,0.0,0.0,1104,1015.0307867028266,0.9201691340151731,6.840546529288687,1,1,1,1,TP,TP,TP,TP
1766582098,192.168.10.50,victim,1018,1018,0.0,0.0,0.0,934,1015.6246293622613,1.0023388273266156,6.926577033222725,1,1,1,1,TP,TP,TP,TP
1766582099,192.168.10.50,victim,1052,1052,0.0,0.0,0.0,1018,1022.8997034898091,1.0284488268105676,6.959398512133975,1,1,1,1,TP,TP,TP,TP
1766582100,192.168.10.50,victim,1017,1017,0.0,0.0,0.0,1052,1021.7197627918473,0.9953805701282062,6.925595197110468,1,1,1,1,TP,TP,TP,TP
1766582101,192.168.10.50,victim,1018,1018,0.0,0.0,0.0,1017,1020.9758102334779,0.9970853273851861,6.926577033222725,1,1,1,1,TP,TP,TP,TP
1766582102,192.168.10.50,victim,1029,1029,0.0,0.0,0.0,1018,1022.5806481867824,1.0062775995454187,6.937314081223682,1,1,1,1,TP,TP,TP,TP
1766582103,192.168.10.50,victim,1028,1028,0.0,0.0,0.0,1029,1023.6645185494259,1.004235256151804,6.9363427358340495,1,1,1,1,TP,TP,TP,TP
1766582104,192.168.10.50,victim,1016,1016,0.0,0.0,0.0,1028,1022.1316148395408,0.9940011494101987,6.92461239604856,1,1,1,1,TP,TP,TP,TP
1766582105,192.168.10.50,victim,1018,1018,0.0,0.0,0.0,1016,1021.3052918716327,0.9967636593103594,6.926577033222725,1,1,1,1,TP,TP,TP,TP
1766582106,192.168.10.50,victim,1104,1104,0.0,0.0,0.0,1018,1037.8442334973063,1.063743444696609,7.007600613951853,1,1,1,1,TP,TP,TP,TP
1766582107,192.168.10.50,victim,931,931,0.0,0.0,0.0,1104,1016.4753867978451,0.9159100280155036,6.837332814685591,1,1,1,1,TP,TP,TP,TP
1766582108,192.168.10.50,victim,1027,1027,0.0,0.0,0.0,931,1018.5803094382761,1.0082661037943674,6.93537044601511,1,1,1,1,TP,TP,TP,TP
1766582109,192.168.10.50,victim,1025,1025,0.0,0.0,0.0,1027,1019.8642475506209,1.005035721627372,6.933423025730715,1,1,1,1,TP,TP,TP,TP
1766582110,192.168.10.50,victim,1018,1018,0.0,0.0,0.0,1025,1019.4913980404968,0.9985371156202378,6.926577033222725,1,1,1,1,TP,TP,TP,TP
1766582111,192.168.10.50,victim,1018,1018,0.0,0.0,0.0,1018,1019.1931184323976,0.9988293499908717,6.926577033222725,1,1,1,1,TP,TP,TP,TP
1766582112,192.168.10.50,victim,1018,1018,0.0,0.0,0.0,1018,1018.9544947459182,0.999063260673721,6.926577033222725,1,1,1,1,TP,TP,TP,TP
1766582113,192.168.10.50,victim,1017,1017,0.0,0.0,0.0,1018,1018.5635957967346,0.998464901156702,6.925595197110468,1,1,1,1,TP,TP,TP,TP
1766582114,192.168.10.50,victim,1033,1033,0.0,0.0,0.0,1017,1021.4508766373878,1.011306587155342,6.9411900550683745,1,1,1,1,TP,TP,TP,TP
1766582115,192.168.10.50,victim,1017,1017,0.0,0.0,0.0,1033,1020.5607013099102,0.9965110342713211,6.925595197110468,1,1,1,1,TP,TP,TP,TP
1766582116,192.168.10.50,victim,1103,1103,0.0,0.0,0.0,1017,1037.0485610479282,1.0635953237178835,7.00669522683704,1,1,1,1,TP,TP,TP,TP
1766582117,192.168.10.50,victim,942,942,0.0,0.0,0.0,1103,1018.0388488383426,0.9253084998415986,6.849066282633458,1,1,1,1,TP,TP,TP,TP
1766582118,192.168.10.50,victim,1017,1017,0.0,0.0,0.0,942,1017.831079070674,0.9991834803546852,6.925595197110468,1,1,1,1,TP,TP,TP,TP
1766582119,192.168.10.50,victim,1018,1018,0.0,0.0,0.0,1017,1017.8648632565393,1.0001327649154017,6.926577033222725,1,1,1,1,TP,TP,TP,TP
1766582120,192.168.10.50,victim,1017,1017,0.0,0.0,0.0,1018,1017.6918906052314,0.9993201374476717,6.925595197110468,1,1,1,1,TP,TP,TP,TP
1766582121,192.168.10.50,victim,1018,1018,0.0,0.0,0.0,1017,1017.7535124841852,1.0002421878301486,6.926577033222725,1,1,1,1,TP,TP,TP,TP
1766582122,192.168.10.50,victim,1017,1017,0.0,0.0,0.0,1018,1017.6028099873482,0.9994076176063673,6.925595197110468,1,1,1,1,TP,TP,TP,TP
1766582123,192.168.10.50,victim,1017,1017,0.0,0.0,0.0,1017,1017.4822479898786,0.9995260379315405,6.925595197110468,1,1,1,1,TP,TP,TP,TP
1766582124,192.168.10.50,victim,1016,1016,0.0,0.0,0.0,1017,1017.185798391903,0.9988342361889279,6.92461239604856,1,1,1,1,TP,TP,TP,TP
1766582125,192.168.10.50,victim,1017,1017,0.0,0.0,0.0,1016,1017.1486387135224,0.999853867262989,6.925595197110468,1,1,1,1,TP,TP,TP,TP
1766582126,192.168.10.50,victim,1098,1098,0.0,0.0,0.0,1017,1033.3189109708178,1.0625954759381602,7.002155954403621,1,1,1,1,TP,TP,TP,TP
1766582127,192.168.10.50,victim,963,963,0.0,0.0,0.0,1098,1019.2551287766543,0.9448076078409157,6.871091294610546,1,1,1,1,TP,TP,TP,TP
1766582128,192.168.10.50,victim,1017,1017,0.0,0.0,0.0,963,1018.8041030213234,0.9982291953703647,6.925595197110468,1,1,1,1,TP,TP,TP,TP
1766582129,192.168.10.50,victim,1016,1016,0.0,0.0,0.0,1017,1018.2432824170588,0.9977969091897846,6.92461239604856,1,1,1,1,TP,TP,TP,TP
1766582136,199.244.48.55,attacker,933,933,0.0,0.0,0.0,1017,482.82400000000007,1.9323811575192358,6.839476438228843,1,1,1,0,TP,TP,FP,FP
1766582146,199.244.48.55,attacker,905,905,0.0,0.0,0.0,933,567.2592000000001,1.5953906080296354,6.80903930604298,1,1,1,0,TP,TP,FP,FP
1766582156,72.21.91.29,attacker,901,901,0.0,0.0,0.0,0,180.20000000000002,4.999999999972253,6.804614520062624,1,1,1,0,TP,TP,FP,FP
1766582166,199.244.48.55,attacker,909,909,0.0,0.0,0.0,905,635.6073600000001,1.4301281847940996,6.813444599510896,1,1,1,0,TP,TP,FP,FP
1766582176,198.54.12.145,attacker,907,907,0.0,0.0,0.0,0,181.4,4.999999999972437,6.811244378601294,1,1,1,0,TP,TP,FP,FP
